wes_32.sample_A13-2	0.1	1353122
wes_40.sample_BR127	0.1	1261812
wes_16.sample_CH00279	0.1	1342616
wes_11.sample_417	0.1	1381208
wes_32.sample_A13-2	0.2	1304723
wes_40.sample_BR127	0.2	1201546
wes_32.sample_A13-2	0.25	1283849
wes_16.sample_CH00279	0.2	1223168
wes_11.sample_417	0.2	1276775
wes_32.sample_A13-2	0.4	1227592
wes_40.sample_BR127	0.25	1175985
wes_16.sample_CH00279	0.25	1185033
wes_32.sample_A13-2	0.5	1197762
wes_11.sample_417	0.25	1239478
wes_40.sample_BR127	0.4	1108042
wes_32.sample_A13-2	0.75	1119556
wes_16.sample_CH00279	0.4	1099450
wes_11.sample_417	0.4	1150007
wes_40.sample_BR127	0.5	1069460
wes_32.sample_A13-2	0.9	1051824
wes_16.sample_CH00279	0.5	1056220
wes_32.sample_A13-2	0.95	1018258
wes_40.sample_BR127	0.75	971510
wes_11.sample_417	0.5	1104395
wes_16.sample_CH00279	0.75	957017
wes_32.sample_A13-2	0.999	964247
wes_40.sample_BR127	0.9	894271
wes_11.sample_417	0.75	995046
wes_32.sample_A13-2	1.0	963753
wes_16.sample_CH00279	0.9	880510
wes_40.sample_BR127	0.95	857021
wes_32.sample_A6-2	0.1	1414982
wes_11.sample_417	0.9	917092
wes_40.sample_BR127	0.999	791862
wes_16.sample_CH00279	0.95	840289
wes_32.sample_A6-2	0.2	1368665
wes_40.sample_BR127	1.0	791132
wes_11.sample_417	0.95	879913
wes_32.sample_A6-2	0.25	1348086
wes_16.sample_CH00279	0.999	769725
wes_32.sample_A6-2	0.4	1293280
wes_11.sample_417	0.999	798764
wes_16.sample_CH00279	1.0	769702
wes_40.sample_BR128	0.1	1211797
wes_32.sample_A6-2	0.5	1261782
wes_32.sample_A6-2	0.75	1178528
wes_40.sample_BR128	0.2	1149783
wes_11.sample_417	1.0	798586
wes_16.sample_CH00281	0.1	1410393
wes_32.sample_A6-2	0.9	1104229
wes_40.sample_BR128	0.25	1123745
wes_16.sample_CH00281	0.2	1331896
wes_32.sample_A6-2	0.95	1063424
wes_11.sample_470	0.1	1477934
wes_40.sample_BR128	0.4	1056547
wes_32.sample_A6-2	0.999	1002549
wes_16.sample_CH00281	0.25	1302797
wes_40.sample_BR128	0.5	1018510
wes_11.sample_470	0.2	1375212
wes_32.sample_A6-2	1.0	1002171
wes_16.sample_CH00281	0.4	1230591
wes_40.sample_BR128	0.75	923438
wes_11.sample_470	0.25	1337419
wes_32.sample_A7-2	0.1	1286301
wes_16.sample_CH00281	0.5	1191006
wes_40.sample_BR128	0.9	850046
wes_32.sample_A7-2	0.2	1238980
wes_11.sample_470	0.4	1251927
wes_16.sample_CH00281	0.75	1094278
wes_40.sample_BR128	0.95	816302
wes_32.sample_A7-2	0.25	1218174
wes_11.sample_470	0.5	1207656
wes_16.sample_CH00281	0.9	1023640
wes_32.sample_A7-2	0.4	1163981
wes_40.sample_BR128	0.999	755152
wes_11.sample_470	0.75	1102429
wes_32.sample_A7-2	0.5	1133466
wes_16.sample_CH00281	0.95	985328
wes_40.sample_BR128	1.0	754340
wes_32.sample_A7-2	0.75	1055849
wes_16.sample_CH00281	0.999	892951
wes_11.sample_470	0.9	1027863
wes_40.sample_BR129	0.1	1177949
wes_32.sample_A7-2	0.9	990407
wes_16.sample_CH00281	1.0	891648
wes_11.sample_470	0.95	990685
wes_32.sample_A7-2	0.95	958202
wes_40.sample_BR129	0.2	1120236
wes_32.sample_A7-2	0.999	900581
wes_11.sample_470	0.999	914630
wes_40.sample_BR129	0.25	1095624
wes_16.sample_CH00282	0.1	1415007
wes_32.sample_A7-2	1.0	899873
wes_11.sample_470	1.0	914514
wes_40.sample_BR129	0.4	1031212
wes_16.sample_CH00282	0.2	1288088
wes_40.sample_BR129	0.5	994026
wes_39.sample_Almaz01	0.1	1246050
wes_16.sample_CH00282	0.25	1245043
wes_11.sample_48	0.1	1405196
wes_40.sample_BR129	0.75	901065
wes_16.sample_CH00282	0.4	1154763
wes_39.sample_Almaz01	0.2	1167811
wes_11.sample_48	0.2	1292045
wes_40.sample_BR129	0.9	829298
wes_16.sample_CH00282	0.5	1112526
wes_40.sample_BR129	0.95	794179
wes_39.sample_Almaz01	0.25	1138467
wes_11.sample_48	0.25	1251290
wes_16.sample_CH00282	0.75	1009881
wes_40.sample_BR129	0.999	733937
wes_39.sample_Almaz01	0.4	1066134
wes_11.sample_48	0.4	1161557
wes_16.sample_CH00282	0.9	931336
wes_40.sample_BR129	1.0	733225
wes_11.sample_48	0.5	1115461
wes_39.sample_Almaz01	0.5	1027969
wes_16.sample_CH00282	0.95	892000
wes_40.sample_BR130	0.1	1233545
wes_11.sample_48	0.75	1000601
wes_39.sample_Almaz01	0.75	935930
wes_16.sample_CH00282	0.999	825920
wes_40.sample_BR130	0.2	1170579
wes_11.sample_48	0.9	919698
wes_16.sample_CH00282	1.0	825918
wes_39.sample_Almaz01	0.9	860747
wes_40.sample_BR130	0.25	1144434
wes_11.sample_48	0.95	881221
wes_40.sample_BR130	0.4	1073323
wes_39.sample_Almaz01	0.95	823132
wes_16.sample_CH00283	0.1	1408040
wes_40.sample_BR130	0.5	1034502
wes_11.sample_48	0.999	798054
wes_39.sample_Almaz01	0.999	743910
wes_16.sample_CH00283	0.2	1277775
wes_40.sample_BR130	0.75	940487
wes_11.sample_48	1.0	797808
wes_16.sample_CH00283	0.25	1235189
wes_39.sample_Almaz01	1.0	743532
wes_40.sample_BR130	0.9	865604
wes_16.sample_CH00283	0.4	1144886
wes_40.sample_BR130	0.95	831313
wes_11.sample_50	0.1	1343225
wes_39.sample_Almaz02	0.1	1211151
wes_40.sample_BR130	0.999	773489
wes_16.sample_CH00283	0.5	1102211
wes_11.sample_50	0.2	1243236
wes_39.sample_Almaz02	0.2	1121751
wes_40.sample_BR130	1.0	772736
wes_16.sample_CH00283	0.75	1001397
wes_11.sample_50	0.25	1206833
wes_39.sample_Almaz02	0.25	1089089
wes_16.sample_CH00283	0.9	923374
wes_40.sample_BR140	0.1	1244219
wes_11.sample_50	0.4	1122115
wes_16.sample_CH00283	0.95	885270
wes_39.sample_Almaz02	0.4	1013364
wes_40.sample_BR140	0.2	1178867
wes_16.sample_CH00283	0.999	820967
wes_11.sample_50	0.5	1076993
wes_40.sample_BR140	0.25	1150534
wes_39.sample_Almaz02	0.5	972298
wes_16.sample_CH00283	1.0	820967
wes_40.sample_BR140	0.4	1076870
wes_11.sample_50	0.75	966827
wes_39.sample_Almaz02	0.75	874316
wes_40.sample_BR140	0.5	1034120
wes_16.sample_CH00284	0.1	1514052
wes_11.sample_50	0.9	889639
wes_39.sample_Almaz02	0.9	793332
wes_40.sample_BR140	0.75	917188
wes_16.sample_CH00284	0.2	1391808
wes_11.sample_50	0.95	851724
wes_39.sample_Almaz02	0.95	752528
wes_40.sample_BR140	0.9	827135
wes_16.sample_CH00284	0.25	1350173
wes_11.sample_50	0.999	766313
wes_40.sample_BR140	0.95	785217
wes_16.sample_CH00284	0.4	1259034
wes_39.sample_Almaz02	0.999	670303
wes_40.sample_BR140	0.999	701726
wes_11.sample_50	1.0	766045
wes_16.sample_CH00284	0.5	1215471
wes_39.sample_Almaz02	1.0	669593
wes_40.sample_BR140	1.0	700850
wes_16.sample_CH00284	0.75	1109077
wes_11.sample_524	0.1	1433691
wes_16.sample_CH00284	0.9	1029652
wes_39.sample_Almaz03	0.1	1239415
wes_4.sample_83	0.1	1448760
wes_11.sample_524	0.2	1325425
wes_16.sample_CH00284	0.95	990404
wes_4.sample_83	0.2	1321596
wes_39.sample_Almaz03	0.2	1150106
wes_16.sample_CH00284	0.999	929459
wes_11.sample_524	0.25	1285970
wes_4.sample_83	0.25	1278564
wes_16.sample_CH00284	1.0	929459
wes_11.sample_524	0.4	1195695
wes_39.sample_Almaz03	0.25	1116977
wes_4.sample_83	0.4	1176204
wes_11.sample_524	0.5	1150489
wes_16.sample_CH00285	0.1	1426983
wes_39.sample_Almaz03	0.4	1039426
wes_4.sample_83	0.5	1122799
wes_16.sample_CH00285	0.2	1299081
wes_11.sample_524	0.75	1041638
wes_39.sample_Almaz03	0.5	998977
wes_4.sample_83	0.75	998712
wes_16.sample_CH00285	0.25	1257320
wes_11.sample_524	0.9	963449
wes_39.sample_Almaz03	0.75	901728
wes_16.sample_CH00285	0.4	1165375
wes_4.sample_83	0.9	913990
wes_11.sample_524	0.95	924891
wes_16.sample_CH00285	0.5	1121628
wes_39.sample_Almaz03	0.9	821832
wes_4.sample_83	0.95	873694
wes_11.sample_524	0.999	848225
wes_16.sample_CH00285	0.75	1015678
wes_4.sample_83	0.999	788628
wes_39.sample_Almaz03	0.95	783193
wes_11.sample_524	1.0	848192
wes_16.sample_CH00285	0.9	932678
wes_4.sample_83	1.0	787975
wes_39.sample_Almaz03	0.999	693894
wes_16.sample_CH00285	0.95	892841
wes_11.sample_54	0.1	1355700
wes_39.sample_Almaz03	1.0	693181
wes_4.sample_95	0.1	1427726
wes_16.sample_CH00285	0.999	828646
wes_11.sample_54	0.2	1252958
wes_16.sample_CH00285	1.0	828646
wes_4.sample_95	0.2	1306034
wes_11.sample_54	0.25	1215005
wes_39.sample_Almaz04	0.1	1255429
wes_4.sample_95	0.25	1263302
wes_16.sample_CH00286	0.1	1393968
wes_11.sample_54	0.4	1126577
wes_39.sample_Almaz04	0.2	1177180
wes_4.sample_95	0.4	1161559
wes_16.sample_CH00286	0.2	1271420
wes_11.sample_54	0.5	1081912
wes_4.sample_95	0.5	1108744
wes_39.sample_Almaz04	0.25	1146851
wes_16.sample_CH00286	0.25	1231149
wes_11.sample_54	0.75	970849
wes_4.sample_95	0.75	984417
wes_16.sample_CH00286	0.4	1142352
wes_39.sample_Almaz04	0.4	1075513
wes_11.sample_54	0.9	891158
wes_4.sample_95	0.9	896717
wes_16.sample_CH00286	0.5	1100565
wes_39.sample_Almaz04	0.5	1037412
wes_11.sample_54	0.95	850205
wes_4.sample_95	0.95	857720
wes_16.sample_CH00286	0.75	999394
wes_39.sample_Almaz04	0.75	947011
wes_11.sample_54	0.999	758356
wes_16.sample_CH00286	0.9	919130
wes_4.sample_95	0.999	768278
wes_39.sample_Almaz04	0.9	873821
wes_16.sample_CH00286	0.95	878532
wes_11.sample_54	1.0	758207
wes_4.sample_95	1.0	767355
wes_39.sample_Almaz04	0.95	836320
wes_16.sample_CH00286	0.999	813627
wes_5.sample_113	0.1	1866848
wes_11.sample_561	0.1	1470161
wes_16.sample_CH00286	1.0	813492
wes_39.sample_Almaz04	0.999	752853
wes_5.sample_113	0.2	1745994
wes_11.sample_561	0.2	1362359
wes_5.sample_113	0.25	1700486
wes_16.sample_CH00287	0.1	1354005
wes_39.sample_Almaz04	1.0	751807
wes_11.sample_561	0.25	1324479
wes_5.sample_113	0.4	1592325
wes_16.sample_CH00287	0.2	1275969
wes_11.sample_561	0.4	1237274
wes_5.sample_113	0.5	1536983
wes_39.sample_Almaz05	0.1	1241904
wes_16.sample_CH00287	0.25	1246243
wes_5.sample_113	0.75	1403209
wes_11.sample_561	0.5	1190818
wes_5.sample_113	0.9	1303129
wes_16.sample_CH00287	0.4	1173807
wes_39.sample_Almaz05	0.2	1152417
wes_11.sample_561	0.75	1080769
wes_5.sample_113	0.95	1251141
wes_16.sample_CH00287	0.5	1134428
wes_11.sample_561	0.9	1002856
wes_39.sample_Almaz05	0.25	1120351
wes_5.sample_113	0.999	1135447
wes_16.sample_CH00287	0.75	1040793
wes_11.sample_561	0.95	965470
wes_5.sample_113	1.0	1135146
wes_39.sample_Almaz05	0.4	1041850
wes_16.sample_CH00287	0.9	971265
wes_11.sample_561	0.999	893001
wes_5.sample_114	0.1	1852547
wes_39.sample_Almaz05	0.5	1001189
wes_16.sample_CH00287	0.95	933438
wes_11.sample_561	1.0	892841
wes_5.sample_114	0.2	1730273
wes_16.sample_CH00287	0.999	838347
wes_39.sample_Almaz05	0.75	905942
wes_5.sample_114	0.25	1685012
wes_11.sample_564	0.1	1442734
wes_16.sample_CH00287	1.0	837148
wes_5.sample_114	0.4	1576259
wes_39.sample_Almaz05	0.9	823180
wes_5.sample_114	0.5	1520294
wes_11.sample_564	0.2	1334663
wes_16.sample_CH00288	0.1	1554846
wes_39.sample_Almaz05	0.95	781799
wes_5.sample_114	0.75	1383527
wes_11.sample_564	0.25	1296130
wes_16.sample_CH00288	0.2	1489833
wes_5.sample_114	0.9	1283890
wes_39.sample_Almaz05	0.999	691741
wes_11.sample_564	0.4	1206996
wes_16.sample_CH00288	0.25	1463418
wes_5.sample_114	0.95	1231018
wes_39.sample_Almaz05	1.0	691561
wes_16.sample_CH00288	0.4	1396884
wes_11.sample_564	0.5	1162827
wes_5.sample_114	0.999	1112174
wes_16.sample_CH00288	0.5	1360539
wes_5.sample_114	1.0	1111818
wes_11.sample_564	0.75	1053663
wes_16.sample_CH00288	0.75	1270958
wes_39.sample_Almaz06	0.1	1225716
wes_5.sample_118	0.1	1796057
wes_11.sample_564	0.9	975307
wes_16.sample_CH00288	0.9	1201727
wes_39.sample_Almaz06	0.2	1135968
wes_5.sample_118	0.2	1673889
wes_11.sample_564	0.95	936375
wes_16.sample_CH00288	0.95	1165666
wes_5.sample_118	0.25	1628751
wes_39.sample_Almaz06	0.25	1102799
wes_16.sample_CH00288	0.999	1078479
wes_11.sample_564	0.999	849137
wes_5.sample_118	0.4	1519759
wes_16.sample_CH00288	1.0	1077469
wes_39.sample_Almaz06	0.4	1024601
wes_11.sample_564	1.0	848661
wes_5.sample_118	0.5	1461614
wes_39.sample_Almaz06	0.5	982522
wes_16.sample_CH00292	0.1	1508492
wes_5.sample_118	0.75	1323921
wes_11.sample_75-16	0.1	1457652
wes_5.sample_118	0.9	1220795
wes_16.sample_CH00292	0.2	1440191
wes_39.sample_Almaz06	0.75	884553
wes_11.sample_75-16	0.2	1348189
wes_5.sample_118	0.95	1166576
wes_16.sample_CH00292	0.25	1413955
wes_39.sample_Almaz06	0.9	798885
wes_11.sample_75-16	0.25	1309917
wes_5.sample_118	0.999	1041277
wes_16.sample_CH00292	0.4	1347699
wes_39.sample_Almaz06	0.95	756658
wes_5.sample_118	1.0	1040558
wes_11.sample_75-16	0.4	1221184
wes_16.sample_CH00292	0.5	1310136
wes_16.sample_CH00292	0.75	1217502
wes_11.sample_75-16	0.5	1177039
wes_39.sample_Almaz06	0.999	664099
wes_5.sample_197	0.1	1891800
wes_16.sample_CH00292	0.9	1148592
wes_5.sample_197	0.2	1770694
wes_11.sample_75-16	0.75	1070861
wes_39.sample_Almaz06	1.0	663434
wes_16.sample_CH00292	0.95	1111047
wes_5.sample_197	0.25	1725212
wes_11.sample_75-16	0.9	992476
wes_5.sample_197	0.4	1612753
wes_16.sample_CH00292	0.999	1021995
wes_39.sample_Almaz07	0.1	1207667
wes_11.sample_75-16	0.95	955241
wes_5.sample_197	0.5	1554055
wes_16.sample_CH00292	1.0	1020873
wes_11.sample_75-16	0.999	878964
wes_39.sample_Almaz07	0.2	1117720
wes_5.sample_197	0.75	1413178
wes_16.sample_CH00293	0.1	1477418
wes_11.sample_75-16	1.0	878819
wes_5.sample_197	0.9	1308883
wes_39.sample_Almaz07	0.25	1085964
wes_16.sample_CH00293	0.2	1409686
wes_5.sample_197	0.95	1254681
wes_12.sample_544	0.1	1519259
wes_39.sample_Almaz07	0.4	1009171
wes_5.sample_197	0.999	1131659
wes_16.sample_CH00293	0.25	1381917
wes_12.sample_544	0.2	1415440
wes_5.sample_197	1.0	1130941
wes_39.sample_Almaz07	0.5	966999
wes_16.sample_CH00293	0.4	1314695
wes_12.sample_544	0.25	1377343
wes_5.sample_198	0.1	1965920
wes_16.sample_CH00293	0.5	1277587
wes_39.sample_Almaz07	0.75	866117
wes_12.sample_544	0.4	1291037
wes_5.sample_198	0.2	1845008
wes_16.sample_CH00293	0.75	1187024
wes_39.sample_Almaz07	0.9	787152
wes_12.sample_544	0.5	1245911
wes_5.sample_198	0.25	1798658
wes_16.sample_CH00293	0.9	1118052
wes_5.sample_198	0.4	1689590
wes_39.sample_Almaz07	0.95	748082
wes_12.sample_544	0.75	1134273
wes_16.sample_CH00293	0.95	1080354
wes_5.sample_198	0.5	1630887
wes_12.sample_544	0.9	1053490
wes_39.sample_Almaz07	0.999	663071
wes_16.sample_CH00293	0.999	988064
wes_5.sample_198	0.75	1491785
wes_12.sample_544	0.95	1014751
wes_39.sample_Almaz07	1.0	662527
wes_5.sample_198	0.9	1391363
wes_16.sample_CH00293	1.0	985937
wes_12.sample_544	0.999	932599
wes_5.sample_198	0.95	1339271
wes_12.sample_544	1.0	931983
wes_16.sample_CH00294	0.1	1466815
wes_5.sample_198	0.999	1218393
wes_39.sample_Almaz08	0.1	1207750
wes_5.sample_198	1.0	1217520
wes_16.sample_CH00294	0.2	1400665
wes_12.sample_554	0.1	1525597
wes_39.sample_Almaz08	0.2	1116915
wes_16.sample_CH00294	0.25	1373378
wes_6.sample_120	0.1	1226450
wes_12.sample_554	0.2	1424519
wes_39.sample_Almaz08	0.25	1083445
wes_16.sample_CH00294	0.4	1303523
wes_6.sample_120	0.2	1177678
wes_12.sample_554	0.25	1388204
wes_16.sample_CH00294	0.5	1266304
wes_39.sample_Almaz08	0.4	1006243
wes_6.sample_120	0.25	1154746
wes_12.sample_554	0.4	1302740
wes_16.sample_CH00294	0.75	1173054
wes_6.sample_120	0.4	1089263
wes_39.sample_Almaz08	0.5	964579
wes_12.sample_554	0.5	1257231
wes_16.sample_CH00294	0.9	1102781
wes_6.sample_120	0.5	1050301
wes_12.sample_554	0.75	1145000
wes_39.sample_Almaz08	0.75	867577
wes_16.sample_CH00294	0.95	1063658
wes_6.sample_120	0.75	942285
wes_12.sample_554	0.9	1063745
wes_39.sample_Almaz08	0.9	786263
wes_16.sample_CH00294	0.999	969332
wes_6.sample_120	0.9	868095
wes_12.sample_554	0.95	1023460
wes_6.sample_120	0.95	835812
wes_16.sample_CH00294	1.0	967490
wes_39.sample_Almaz08	0.95	743129
wes_12.sample_554	0.999	935263
wes_6.sample_120	0.999	784524
wes_16.sample_CH00295	0.1	1502898
wes_12.sample_554	1.0	934580
wes_39.sample_Almaz08	0.999	644283
wes_6.sample_120	1.0	784418
wes_16.sample_CH00295	0.2	1435488
wes_39.sample_Almaz08	1.0	643427
wes_12.sample_558	0.1	1541696
wes_16.sample_CH00295	0.25	1409569
wes_6.sample_121	0.1	1295566
wes_12.sample_558	0.2	1445889
wes_16.sample_CH00295	0.4	1343071
wes_6.sample_121	0.2	1230281
wes_39.sample_Almaz09	0.1	1188034
wes_16.sample_CH00295	0.5	1306252
wes_12.sample_558	0.25	1410680
wes_6.sample_121	0.25	1201279
wes_39.sample_Almaz09	0.2	1101235
wes_16.sample_CH00295	0.75	1215432
wes_6.sample_121	0.4	1124782
wes_12.sample_558	0.4	1327176
wes_16.sample_CH00295	0.9	1143129
wes_39.sample_Almaz09	0.25	1068467
wes_6.sample_121	0.5	1080114
wes_12.sample_558	0.5	1283393
wes_16.sample_CH00295	0.95	1105479
wes_6.sample_121	0.75	954263
wes_39.sample_Almaz09	0.4	992626
wes_12.sample_558	0.75	1173682
wes_16.sample_CH00295	0.999	1015676
wes_6.sample_121	0.9	869130
wes_12.sample_558	0.9	1093375
wes_39.sample_Almaz09	0.5	952021
wes_16.sample_CH00295	1.0	1014253
wes_6.sample_121	0.95	836791
wes_12.sample_558	0.95	1053665
wes_39.sample_Almaz09	0.75	856687
wes_6.sample_121	0.999	782194
wes_16.sample_CH00296	0.1	1486993
wes_12.sample_558	0.999	961635
wes_6.sample_121	1.0	781823
wes_39.sample_Almaz09	0.9	776246
wes_16.sample_CH00296	0.2	1420018
wes_12.sample_558	1.0	960572
wes_16.sample_CH00296	0.25	1392781
wes_39.sample_Almaz09	0.95	733499
wes_6.sample_122	0.1	1181126
wes_12.sample_565	0.1	1485214
wes_16.sample_CH00296	0.4	1323440
wes_6.sample_122	0.2	1139852
wes_39.sample_Almaz09	0.999	645478
wes_12.sample_565	0.2	1393916
wes_16.sample_CH00296	0.5	1285452
wes_6.sample_122	0.25	1121047
wes_39.sample_Almaz09	1.0	644624
wes_16.sample_CH00296	0.75	1195215
wes_12.sample_565	0.25	1360516
wes_6.sample_122	0.4	1063513
wes_16.sample_CH00296	0.9	1123955
wes_12.sample_565	0.4	1277291
wes_6.sample_122	0.5	1028242
wes_39.sample_SSExomesv6DNA01indexA01	0.1	1307054
wes_16.sample_CH00296	0.95	1085644
wes_12.sample_565	0.5	1234285
wes_6.sample_122	0.75	924462
wes_39.sample_SSExomesv6DNA01indexA01	0.2	1219494
wes_16.sample_CH00296	0.999	989438
wes_12.sample_565	0.75	1126053
wes_6.sample_122	0.9	851977
wes_39.sample_SSExomesv6DNA01indexA01	0.25	1186998
wes_16.sample_CH00296	1.0	987513
wes_6.sample_122	0.95	819699
wes_12.sample_565	0.9	1049355
wes_39.sample_SSExomesv6DNA01indexA01	0.4	1110915
wes_16.sample_CH00297	0.1	1539738
wes_6.sample_122	0.999	760968
wes_12.sample_565	0.95	1010808
wes_39.sample_SSExomesv6DNA01indexA01	0.5	1071082
wes_16.sample_CH00297	0.2	1472215
wes_6.sample_122	1.0	760815
wes_12.sample_565	0.999	919743
wes_39.sample_SSExomesv6DNA01indexA01	0.75	978132
wes_16.sample_CH00297	0.25	1445280
wes_12.sample_565	1.0	918687
wes_6.sample_226	0.1	1251136
wes_16.sample_CH00297	0.4	1378122
wes_39.sample_SSExomesv6DNA01indexA01	0.9	901221
wes_6.sample_226	0.2	1197669
wes_12.sample_570	0.1	1512787
wes_16.sample_CH00297	0.5	1340021
wes_39.sample_SSExomesv6DNA01indexA01	0.95	861108
wes_6.sample_226	0.25	1173737
wes_16.sample_CH00297	0.75	1250166
wes_12.sample_570	0.2	1419526
wes_39.sample_SSExomesv6DNA01indexA01	0.999	778982
wes_6.sample_226	0.4	1104576
wes_16.sample_CH00297	0.9	1179536
wes_12.sample_570	0.25	1384973
wes_39.sample_SSExomesv6DNA01indexA01	1.0	778935
wes_6.sample_226	0.5	1062887
wes_16.sample_CH00297	0.95	1142392
wes_12.sample_570	0.4	1302413
wes_6.sample_226	0.75	943046
wes_16.sample_CH00297	0.999	1050866
wes_12.sample_570	0.5	1258911
wes_39.sample_SSExomesv6DNA02indexB01	0.1	1247451
wes_6.sample_226	0.9	863466
wes_16.sample_CH00297	1.0	1050068
wes_12.sample_570	0.75	1149076
wes_39.sample_SSExomesv6DNA02indexB01	0.2	1146850
wes_6.sample_226	0.95	830959
wes_16.sample_CH00298	0.1	1581862
wes_12.sample_570	0.9	1069960
wes_39.sample_SSExomesv6DNA02indexB01	0.25	1111741
wes_6.sample_226	0.999	776151
wes_16.sample_CH00298	0.2	1515708
wes_12.sample_570	0.95	1029890
wes_6.sample_226	1.0	775236
wes_39.sample_SSExomesv6DNA02indexB01	0.4	1030138
wes_16.sample_CH00298	0.25	1489086
wes_12.sample_570	0.999	943300
wes_16.sample_CH00298	0.4	1419161
wes_39.sample_SSExomesv6DNA02indexB01	0.5	986286
wes_6.sample_232	0.1	1189584
wes_12.sample_570	1.0	942702
wes_16.sample_CH00298	0.5	1381656
wes_39.sample_SSExomesv6DNA02indexB01	0.75	880110
wes_6.sample_232	0.2	1142951
wes_16.sample_CH00298	0.75	1290492
wes_12.sample_578	0.1	1545932
wes_6.sample_232	0.25	1122274
wes_39.sample_SSExomesv6DNA02indexB01	0.9	789356
wes_16.sample_CH00298	0.9	1218625
wes_12.sample_578	0.2	1454072
wes_6.sample_232	0.4	1056915
wes_39.sample_SSExomesv6DNA02indexB01	0.95	744026
wes_16.sample_CH00298	0.95	1181010
wes_12.sample_578	0.25	1419535
wes_6.sample_232	0.5	1018320
wes_16.sample_CH00298	0.999	1092821
wes_39.sample_SSExomesv6DNA02indexB01	0.999	658974
wes_6.sample_232	0.75	909640
wes_12.sample_578	0.4	1335152
wes_16.sample_CH00298	1.0	1092127
wes_39.sample_SSExomesv6DNA02indexB01	1.0	658800
wes_6.sample_232	0.9	832773
wes_12.sample_578	0.5	1292109
wes_16.sample_CH00329	0.1	1446538
wes_6.sample_232	0.95	799307
wes_12.sample_578	0.75	1185682
wes_39.sample_SSExomesv6DNA03indexC01	0.1	1323507
wes_16.sample_CH00329	0.2	1368042
wes_6.sample_232	0.999	746194
wes_12.sample_578	0.9	1103592
wes_16.sample_CH00329	0.25	1337120
wes_39.sample_SSExomesv6DNA03indexC01	0.2	1231952
wes_6.sample_232	1.0	745648
wes_16.sample_CH00329	0.4	1262348
wes_12.sample_578	0.95	1063284
wes_39.sample_SSExomesv6DNA03indexC01	0.25	1199539
wes_6.sample_411	0.1	1325578
wes_16.sample_CH00329	0.5	1223150
wes_12.sample_578	0.999	969621
wes_6.sample_411	0.2	1291077
wes_39.sample_SSExomesv6DNA03indexC01	0.4	1122235
wes_16.sample_CH00329	0.75	1127269
wes_12.sample_578	1.0	969246
wes_6.sample_411	0.25	1274701
wes_16.sample_CH00329	0.9	1054425
wes_39.sample_SSExomesv6DNA03indexC01	0.5	1083036
wes_6.sample_411	0.4	1222752
wes_16.sample_CH00329	0.95	1016853
wes_12.sample_579	0.1	1526073
wes_39.sample_SSExomesv6DNA03indexC01	0.75	989712
wes_6.sample_411	0.5	1191459
wes_16.sample_CH00329	0.999	925786
wes_12.sample_579	0.2	1441643
wes_6.sample_411	0.75	1101102
wes_16.sample_CH00329	1.0	924769
wes_39.sample_SSExomesv6DNA03indexC01	0.9	915278
wes_12.sample_579	0.25	1409735
wes_6.sample_411	0.9	1037536
wes_39.sample_SSExomesv6DNA03indexC01	0.95	875165
wes_6.sample_411	0.95	1010669
wes_12.sample_579	0.4	1332701
wes_1.sample_68	0.1	1598265
wes_6.sample_411	0.999	972122
wes_1.sample_68	0.2	1491082
wes_39.sample_SSExomesv6DNA03indexC01	0.999	789729
wes_12.sample_579	0.5	1290726
wes_6.sample_411	1.0	972071
wes_1.sample_68	0.25	1450633
wes_12.sample_579	0.75	1186539
wes_39.sample_SSExomesv6DNA03indexC01	1.0	789634
wes_7.sample_256	0.1	1220783
wes_1.sample_68	0.4	1352019
wes_12.sample_579	0.9	1110294
wes_7.sample_256	0.2	1154790
wes_39.sample_SSExomesv6DNA04indexD01	0.1	1269285
wes_1.sample_68	0.5	1295569
wes_12.sample_579	0.95	1071715
wes_7.sample_256	0.25	1128671
wes_1.sample_68	0.75	1149771
wes_7.sample_256	0.4	1058423
wes_12.sample_579	0.999	988700
wes_39.sample_SSExomesv6DNA04indexD01	0.2	1171794
wes_7.sample_256	0.5	1021312
wes_1.sample_68	0.9	1030757
wes_12.sample_579	1.0	988146
wes_39.sample_SSExomesv6DNA04indexD01	0.25	1137977
wes_7.sample_256	0.75	921819
wes_1.sample_68	0.95	975591
wes_39.sample_SSExomesv6DNA04indexD01	0.4	1060673
wes_7.sample_256	0.9	852766
wes_12.sample_580	0.1	1523070
wes_1.sample_68	0.999	848125
wes_7.sample_256	0.95	825041
wes_12.sample_580	0.2	1432516
wes_39.sample_SSExomesv6DNA04indexD01	0.5	1018947
wes_7.sample_256	0.999	780611
wes_1.sample_68	1.0	847663
wes_12.sample_580	0.25	1397882
wes_39.sample_SSExomesv6DNA04indexD01	0.75	922372
wes_7.sample_256	1.0	780441
wes_12.sample_580	0.4	1317559
wes_1.sample_69	0.1	1528418
wes_7.sample_257	0.1	1337355
wes_39.sample_SSExomesv6DNA04indexD01	0.9	844368
wes_12.sample_580	0.5	1275886
wes_7.sample_257	0.2	1256132
wes_1.sample_69	0.2	1430890
wes_39.sample_SSExomesv6DNA04indexD01	0.95	805433
wes_7.sample_257	0.25	1224512
wes_12.sample_580	0.75	1169692
wes_1.sample_69	0.25	1393067
wes_7.sample_257	0.4	1146811
wes_39.sample_SSExomesv6DNA04indexD01	0.999	726110
wes_12.sample_580	0.9	1091014
wes_7.sample_257	0.5	1105555
wes_1.sample_69	0.4	1299898
wes_39.sample_SSExomesv6DNA04indexD01	1.0	725959
wes_12.sample_580	0.95	1050789
wes_7.sample_257	0.75	998426
wes_1.sample_69	0.5	1248994
wes_7.sample_257	0.9	926549
wes_12.sample_580	0.999	965674
wes_1.sample_69	0.75	1118517
wes_39.sample_SSExomesv6DNA05indexE01	0.1	1267212
wes_7.sample_257	0.95	895642
wes_12.sample_580	1.0	965408
wes_7.sample_257	0.999	851290
wes_1.sample_69	0.9	1010116
wes_39.sample_SSExomesv6DNA05indexE01	0.2	1153852
wes_7.sample_257	1.0	851176
wes_12.sample_581	0.1	1547466
wes_1.sample_69	0.95	954751
wes_39.sample_SSExomesv6DNA05indexE01	0.25	1116329
wes_7.sample_258	0.1	1267641
wes_12.sample_581	0.2	1446114
wes_1.sample_69	0.999	823651
wes_39.sample_SSExomesv6DNA05indexE01	0.4	1033777
wes_7.sample_258	0.2	1198738
wes_12.sample_581	0.25	1407965
wes_7.sample_258	0.25	1170541
wes_1.sample_69	1.0	823230
wes_39.sample_SSExomesv6DNA05indexE01	0.5	990598
wes_12.sample_581	0.4	1319331
wes_7.sample_258	0.4	1097557
wes_39.sample_SSExomesv6DNA05indexE01	0.75	891198
wes_7.sample_258	0.5	1059307
wes_1.sample_70	0.1	1520477
wes_12.sample_581	0.5	1272856
wes_7.sample_258	0.75	962623
wes_39.sample_SSExomesv6DNA05indexE01	0.9	813087
wes_1.sample_70	0.2	1407690
wes_12.sample_581	0.75	1162853
wes_7.sample_258	0.9	895133
wes_39.sample_SSExomesv6DNA05indexE01	0.95	772014
wes_1.sample_70	0.25	1366560
wes_12.sample_581	0.9	1082202
wes_7.sample_258	0.95	865732
wes_7.sample_258	0.999	824476
wes_39.sample_SSExomesv6DNA05indexE01	0.999	691732
wes_1.sample_70	0.4	1267069
wes_12.sample_581	0.95	1042007
wes_7.sample_258	1.0	824428
wes_1.sample_70	0.5	1210128
wes_12.sample_581	0.999	957989
wes_39.sample_SSExomesv6DNA05indexE01	1.0	691477
wes_7.sample_260	0.1	1249227
wes_1.sample_70	0.75	1062547
wes_12.sample_581	1.0	957174
wes_7.sample_260	0.2	1180534
wes_39.sample_SSExomesv6DNA06indexF01	0.1	1287038
wes_1.sample_70	0.9	940801
wes_7.sample_260	0.25	1152175
wes_12.sample_582	0.1	1501921
wes_39.sample_SSExomesv6DNA06indexF01	0.2	1182549
wes_7.sample_260	0.4	1077762
wes_1.sample_70	0.95	881987
wes_12.sample_582	0.2	1403673
wes_7.sample_260	0.5	1039074
wes_1.sample_70	0.999	753861
wes_39.sample_SSExomesv6DNA06indexF01	0.25	1146603
wes_7.sample_260	0.75	930329
wes_12.sample_582	0.25	1366669
wes_1.sample_70	1.0	753538
wes_39.sample_SSExomesv6DNA06indexF01	0.4	1066118
wes_7.sample_260	0.9	863073
wes_12.sample_582	0.4	1283307
wes_7.sample_260	0.95	833177
wes_39.sample_SSExomesv6DNA06indexF01	0.5	1024509
wes_1.sample_77	0.1	1642119
wes_12.sample_582	0.5	1238379
wes_7.sample_260	0.999	789669
wes_7.sample_260	1.0	789500
wes_1.sample_77	0.2	1526512
wes_39.sample_SSExomesv6DNA06indexF01	0.75	926777
wes_12.sample_582	0.75	1123169
wes_1.sample_77	0.25	1482616
wes_7.sample_279	0.1	1206474
wes_12.sample_582	0.9	1044217
wes_39.sample_SSExomesv6DNA06indexF01	0.9	850387
wes_7.sample_279	0.2	1141030
wes_1.sample_77	0.4	1377037
wes_12.sample_582	0.95	1005210
wes_39.sample_SSExomesv6DNA06indexF01	0.95	811330
wes_7.sample_279	0.25	1113575
wes_1.sample_77	0.5	1319864
wes_12.sample_582	0.999	915544
wes_7.sample_279	0.4	1040206
wes_39.sample_SSExomesv6DNA06indexF01	0.999	726817
wes_7.sample_279	0.5	1000129
wes_1.sample_77	0.75	1182159
wes_12.sample_582	1.0	914690
wes_39.sample_SSExomesv6DNA06indexF01	1.0	726361
wes_7.sample_279	0.75	898099
wes_1.sample_77	0.9	1070581
wes_13.sample_13	0.1	1631602
wes_7.sample_279	0.9	829844
wes_1.sample_77	0.95	1013637
wes_13.sample_13	0.2	1550199
wes_39.sample_SSExomesv6DNA07indexG01	0.1	1274215
wes_7.sample_279	0.95	802937
wes_13.sample_13	0.25	1519141
wes_1.sample_77	0.999	883783
wes_7.sample_279	0.999	760390
wes_39.sample_SSExomesv6DNA07indexG01	0.2	1171279
wes_13.sample_13	0.4	1443370
wes_7.sample_279	1.0	760129
wes_1.sample_77	1.0	883608
wes_13.sample_13	0.5	1401871
wes_39.sample_SSExomesv6DNA07indexG01	0.25	1136175
wes_8.sample_119	0.1	1293021
wes_13.sample_13	0.75	1306562
wes_1.sample_78	0.1	1953204
wes_8.sample_119	0.2	1216938
wes_39.sample_SSExomesv6DNA07indexG01	0.4	1056297
wes_13.sample_13	0.9	1243300
wes_8.sample_119	0.25	1188117
wes_1.sample_78	0.2	1839870
wes_13.sample_13	0.95	1208732
wes_39.sample_SSExomesv6DNA07indexG01	0.5	1014529
wes_8.sample_119	0.4	1115092
wes_13.sample_13	0.999	1128489
wes_1.sample_78	0.25	1794095
wes_39.sample_SSExomesv6DNA07indexG01	0.75	919429
wes_8.sample_119	0.5	1075019
wes_13.sample_13	1.0	1128269
wes_1.sample_78	0.4	1683060
wes_8.sample_119	0.75	967979
wes_13.sample_231-16	0.1	1650963
wes_39.sample_SSExomesv6DNA07indexG01	0.9	840023
wes_1.sample_78	0.5	1625846
wes_8.sample_119	0.9	896994
wes_13.sample_231-16	0.2	1561091
wes_39.sample_SSExomesv6DNA07indexG01	0.95	800937
wes_8.sample_119	0.95	867471
wes_1.sample_78	0.75	1485295
wes_13.sample_231-16	0.25	1529467
wes_8.sample_119	0.999	824155
wes_13.sample_231-16	0.4	1452029
wes_39.sample_SSExomesv6DNA07indexG01	0.999	722999
wes_1.sample_78	0.9	1376540
wes_8.sample_119	1.0	823986
wes_13.sample_231-16	0.5	1411624
wes_1.sample_78	0.95	1318696
wes_39.sample_SSExomesv6DNA07indexG01	1.0	722799
wes_13.sample_231-16	0.75	1318974
wes_8.sample_172	0.1	1312018
wes_1.sample_78	0.999	1192893
wes_13.sample_231-16	0.9	1255135
wes_8.sample_172	0.2	1235487
wes_13.sample_231-16	0.95	1221546
wes_39.sample_SSExomesv6DNA08indexH01	0.1	1295216
wes_1.sample_78	1.0	1192830
wes_8.sample_172	0.25	1203030
wes_13.sample_231-16	0.999	1145526
wes_8.sample_172	0.4	1120622
wes_39.sample_SSExomesv6DNA08indexH01	0.2	1196150
wes_13.sample_231-16	1.0	1144695
wes_20.sample_CH00289	0.1	1503613
wes_8.sample_172	0.5	1076826
wes_39.sample_SSExomesv6DNA08indexH01	0.25	1161513
wes_13.sample_232-16	0.1	1621695
wes_20.sample_CH00289	0.2	1417722
wes_8.sample_172	0.75	962734
wes_13.sample_232-16	0.2	1540041
wes_8.sample_172	0.9	896545
wes_39.sample_SSExomesv6DNA08indexH01	0.4	1083191
wes_20.sample_CH00289	0.25	1385546
wes_13.sample_232-16	0.25	1507964
wes_8.sample_172	0.95	870766
wes_20.sample_CH00289	0.4	1308795
wes_39.sample_SSExomesv6DNA08indexH01	0.5	1044132
wes_13.sample_232-16	0.4	1433553
wes_8.sample_172	0.999	828648
wes_20.sample_CH00289	0.5	1267763
wes_13.sample_232-16	0.5	1394376
wes_8.sample_172	1.0	828371
wes_39.sample_SSExomesv6DNA08indexH01	0.75	950399
wes_13.sample_232-16	0.75	1302495
wes_20.sample_CH00289	0.75	1163754
wes_8.sample_176	0.1	1289330
wes_13.sample_232-16	0.9	1238285
wes_39.sample_SSExomesv6DNA08indexH01	0.9	876480
wes_20.sample_CH00289	0.9	1087452
wes_8.sample_176	0.2	1214145
wes_13.sample_232-16	0.95	1204411
wes_39.sample_SSExomesv6DNA08indexH01	0.95	837083
wes_8.sample_176	0.25	1182368
wes_20.sample_CH00289	0.95	1051948
wes_13.sample_232-16	0.999	1126857
wes_8.sample_176	0.4	1099511
wes_13.sample_232-16	1.0	1126253
wes_20.sample_CH00289	0.999	983399
wes_39.sample_SSExomesv6DNA08indexH01	0.999	756053
wes_8.sample_176	0.5	1056933
wes_13.sample_29	0.1	1686235
wes_20.sample_CH00289	1.0	983260
wes_39.sample_SSExomesv6DNA08indexH01	1.0	755853
wes_8.sample_176	0.75	945474
wes_13.sample_29	0.2	1605599
wes_8.sample_176	0.9	882588
wes_13.sample_29	0.25	1575191
wes_20.sample_CH00308	0.1	1384114
wes_8.sample_176	0.95	856603
wes_39.sample_SSExomesv6DNA09indexA02	0.1	1269949
wes_13.sample_29	0.4	1498964
wes_8.sample_176	0.999	812654
wes_20.sample_CH00308	0.2	1307897
wes_13.sample_29	0.5	1458854
wes_39.sample_SSExomesv6DNA09indexA02	0.2	1166949
wes_8.sample_176	1.0	812059
wes_13.sample_29	0.75	1367289
wes_20.sample_CH00308	0.25	1277421
wes_39.sample_SSExomesv6DNA09indexA02	0.25	1131860
wes_13.sample_29	0.9	1302972
wes_8.sample_190	0.1	1285711
wes_13.sample_29	0.95	1268019
wes_20.sample_CH00308	0.4	1201713
wes_39.sample_SSExomesv6DNA09indexA02	0.4	1046391
wes_8.sample_190	0.2	1211611
wes_13.sample_29	0.999	1188964
wes_20.sample_CH00308	0.5	1161062
wes_8.sample_190	0.25	1181173
wes_39.sample_SSExomesv6DNA09indexA02	0.5	1001873
wes_13.sample_29	1.0	1188834
wes_8.sample_190	0.4	1103254
wes_20.sample_CH00308	0.75	1056773
wes_13.sample_30	0.1	1633379
wes_39.sample_SSExomesv6DNA09indexA02	0.75	896716
wes_8.sample_190	0.5	1061166
wes_13.sample_30	0.2	1553453
wes_20.sample_CH00308	0.9	980070
wes_39.sample_SSExomesv6DNA09indexA02	0.9	808155
wes_8.sample_190	0.75	944642
wes_13.sample_30	0.25	1523010
wes_8.sample_190	0.9	877223
wes_20.sample_CH00308	0.95	941232
wes_39.sample_SSExomesv6DNA09indexA02	0.95	766372
wes_13.sample_30	0.4	1448146
wes_8.sample_190	0.95	848437
wes_13.sample_30	0.5	1408174
wes_20.sample_CH00308	0.999	853293
wes_39.sample_SSExomesv6DNA09indexA02	0.999	684714
wes_8.sample_190	0.999	804308
wes_13.sample_30	0.75	1314672
wes_20.sample_CH00308	1.0	853165
wes_8.sample_190	1.0	803613
wes_39.sample_SSExomesv6DNA09indexA02	1.0	684557
wes_13.sample_30	0.9	1249104
wes_13.sample_30	0.95	1215303
wes_8.sample_191	0.1	1254555
wes_20.sample_CH00309	0.1	1497613
wes_13.sample_30	0.999	1133736
wes_39.sample_SSExomesv6DNA10indexB02	0.1	1317783
wes_8.sample_191	0.2	1181602
wes_13.sample_30	1.0	1133319
wes_20.sample_CH00309	0.2	1408263
wes_8.sample_191	0.25	1150858
wes_39.sample_SSExomesv6DNA10indexB02	0.2	1220565
wes_8.sample_191	0.4	1069933
wes_13.sample_31	0.1	1561080
wes_20.sample_CH00309	0.25	1374713
wes_39.sample_SSExomesv6DNA10indexB02	0.25	1186071
wes_8.sample_191	0.5	1025911
wes_13.sample_31	0.2	1478041
wes_20.sample_CH00309	0.4	1294742
wes_8.sample_191	0.75	910951
wes_13.sample_31	0.25	1446335
wes_39.sample_SSExomesv6DNA10indexB02	0.4	1107393
wes_20.sample_CH00309	0.5	1252532
wes_8.sample_191	0.9	842682
wes_13.sample_31	0.4	1367169
wes_39.sample_SSExomesv6DNA10indexB02	0.5	1066956
wes_20.sample_CH00309	0.75	1148030
wes_8.sample_191	0.95	815876
wes_13.sample_31	0.5	1325149
wes_8.sample_191	0.999	773866
wes_13.sample_31	0.75	1228070
wes_20.sample_CH00309	0.9	1070533
wes_39.sample_SSExomesv6DNA10indexB02	0.75	971758
wes_13.sample_31	0.9	1161884
wes_8.sample_191	1.0	773560
wes_20.sample_CH00309	0.95	1033295
wes_39.sample_SSExomesv6DNA10indexB02	0.9	896475
wes_13.sample_31	0.95	1126287
wes_8.sample_192	0.1	1260852
wes_20.sample_CH00309	0.999	958079
wes_13.sample_31	0.999	1041011
wes_39.sample_SSExomesv6DNA10indexB02	0.95	856930
wes_8.sample_192	0.2	1184643
wes_13.sample_31	1.0	1040312
wes_20.sample_CH00309	1.0	957943
wes_8.sample_192	0.25	1152537
wes_39.sample_SSExomesv6DNA10indexB02	0.999	778008
wes_13.sample_32	0.1	1668112
wes_8.sample_192	0.4	1068686
wes_20.sample_CH00310	0.1	1462233
wes_39.sample_SSExomesv6DNA10indexB02	1.0	777771
wes_13.sample_32	0.2	1585946
wes_8.sample_192	0.5	1026008
wes_13.sample_32	0.25	1554705
wes_20.sample_CH00310	0.2	1381123
wes_8.sample_192	0.75	914259
wes_3.sample_116	0.1	1738644
wes_13.sample_32	0.4	1477424
wes_8.sample_192	0.9	843856
wes_20.sample_CH00310	0.25	1350069
wes_13.sample_32	0.5	1435028
wes_3.sample_116	0.2	1608139
wes_8.sample_192	0.95	817433
wes_13.sample_32	0.75	1342299
wes_20.sample_CH00310	0.4	1274923
wes_3.sample_116	0.25	1561102
wes_8.sample_192	0.999	774935
wes_13.sample_32	0.9	1276846
wes_8.sample_192	1.0	774733
wes_3.sample_116	0.4	1448569
wes_20.sample_CH00310	0.5	1235309
wes_13.sample_32	0.95	1243065
wes_3.sample_116	0.5	1390726
wes_8.sample_303	0.1	1287099
wes_20.sample_CH00310	0.75	1134040
wes_13.sample_32	0.999	1163366
wes_3.sample_116	0.75	1251115
wes_8.sample_303	0.2	1218676
wes_13.sample_32	1.0	1163066
wes_20.sample_CH00310	0.9	1058895
wes_8.sample_303	0.25	1189515
wes_3.sample_116	0.9	1141024
wes_13.sample_BR51	0.1	1634887
wes_20.sample_CH00310	0.95	1020859
wes_8.sample_303	0.4	1110059
wes_3.sample_116	0.95	1084987
wes_13.sample_BR51	0.2	1551167
wes_8.sample_303	0.5	1066899
wes_20.sample_CH00310	0.999	941409
wes_13.sample_BR51	0.25	1519401
wes_3.sample_116	0.999	948036
wes_8.sample_303	0.75	958058
wes_13.sample_BR51	0.4	1442886
wes_3.sample_116	1.0	947539
wes_20.sample_CH00310	1.0	941296
wes_8.sample_303	0.9	891485
wes_13.sample_BR51	0.5	1401941
wes_8.sample_303	0.95	863962
wes_13.sample_BR51	0.75	1309287
wes_3.sample_153	0.1	1615921
wes_20.sample_CH00311	0.1	1417987
wes_8.sample_303	0.999	816380
wes_13.sample_BR51	0.9	1243851
wes_3.sample_153	0.2	1493191
wes_20.sample_CH00311	0.2	1338921
wes_8.sample_303	1.0	816177
wes_13.sample_BR51	0.95	1208977
wes_3.sample_153	0.25	1448549
wes_13.sample_BR51	0.999	1125866
wes_20.sample_CH00311	0.25	1308302
wes_8.sample_318	0.1	1280340
wes_3.sample_153	0.4	1344234
wes_13.sample_BR51	1.0	1125489
wes_8.sample_318	0.2	1206673
wes_20.sample_CH00311	0.4	1233298
wes_3.sample_153	0.5	1289332
wes_8.sample_318	0.25	1177132
wes_13.sample_BR52	0.1	1580440
wes_20.sample_CH00311	0.5	1192066
wes_3.sample_153	0.75	1154561
wes_13.sample_BR52	0.2	1498575
wes_8.sample_318	0.4	1099565
wes_20.sample_CH00311	0.75	1089228
wes_13.sample_BR52	0.25	1466321
wes_8.sample_318	0.5	1059355
wes_3.sample_153	0.9	1049420
wes_13.sample_BR52	0.4	1388270
wes_8.sample_318	0.75	950266
wes_20.sample_CH00311	0.9	1013438
wes_3.sample_153	0.95	993671
wes_13.sample_BR52	0.5	1348733
wes_8.sample_318	0.9	883871
wes_20.sample_CH00311	0.95	977892
wes_3.sample_153	0.999	857705
wes_13.sample_BR52	0.75	1254633
wes_8.sample_318	0.95	857310
wes_3.sample_153	1.0	856792
wes_13.sample_BR52	0.9	1189922
wes_20.sample_CH00311	0.999	902202
wes_8.sample_318	0.999	817082
wes_13.sample_BR52	0.95	1154667
wes_8.sample_318	1.0	816802
wes_20.sample_CH00311	1.0	901875
wes_3.sample_163	0.1	1672209
wes_13.sample_BR52	0.999	1073042
wes_8.sample_345	0.1	1256212
wes_3.sample_163	0.2	1549208
wes_13.sample_BR52	1.0	1072374
wes_20.sample_CH00532	0.1	1421738
wes_8.sample_345	0.2	1186316
wes_3.sample_163	0.25	1504513
wes_13.sample_BR53	0.1	1596207
wes_8.sample_345	0.25	1157010
wes_20.sample_CH00532	0.2	1343760
wes_3.sample_163	0.4	1401657
wes_13.sample_BR53	0.2	1518729
wes_8.sample_345	0.4	1080364
wes_20.sample_CH00532	0.25	1313215
wes_13.sample_BR53	0.25	1488735
wes_3.sample_163	0.5	1347164
wes_8.sample_345	0.5	1037993
wes_13.sample_BR53	0.4	1415715
wes_3.sample_163	0.75	1213941
wes_8.sample_345	0.75	928169
wes_20.sample_CH00532	0.4	1240167
wes_13.sample_BR53	0.5	1377770
wes_8.sample_345	0.9	860834
wes_3.sample_163	0.9	1108939
wes_20.sample_CH00532	0.5	1200282
wes_13.sample_BR53	0.75	1287903
wes_8.sample_345	0.95	833507
wes_3.sample_163	0.95	1054390
wes_13.sample_BR53	0.9	1222591
wes_20.sample_CH00532	0.75	1095868
wes_8.sample_345	0.999	790573
wes_3.sample_163	0.999	929780
wes_13.sample_BR53	0.95	1188855
wes_8.sample_345	1.0	790057
wes_20.sample_CH00532	0.9	1019174
wes_13.sample_BR53	0.999	1109149
wes_3.sample_163	1.0	929167
wes_13.sample_BR53	1.0	1108840
wes_8.sample_443	0.1	1209632
wes_20.sample_CH00532	0.95	980304
wes_3.sample_164	0.1	1600858
wes_8.sample_443	0.2	1143789
wes_20.sample_CH00532	0.999	899858
wes_15.sample_14	0.1	1482479
wes_8.sample_443	0.25	1116296
wes_3.sample_164	0.2	1476705
wes_20.sample_CH00532	1.0	899858
wes_8.sample_443	0.4	1047777
wes_3.sample_164	0.25	1432548
wes_15.sample_14	0.2	1396253
wes_8.sample_443	0.5	1011882
wes_3.sample_164	0.4	1329841
wes_15.sample_14	0.25	1364097
wes_20.sample_CH00533	0.1	1396506
wes_8.sample_443	0.75	912190
wes_3.sample_164	0.5	1274744
wes_8.sample_443	0.9	846438
wes_15.sample_14	0.4	1285985
wes_20.sample_CH00533	0.2	1322121
wes_3.sample_164	0.75	1135355
wes_8.sample_443	0.95	818052
wes_15.sample_14	0.5	1245426
wes_20.sample_CH00533	0.25	1292581
wes_3.sample_164	0.9	1025452
wes_8.sample_443	0.999	774636
wes_3.sample_164	0.95	968657
wes_8.sample_443	1.0	774333
wes_15.sample_14	0.75	1143656
wes_20.sample_CH00533	0.4	1219606
wes_3.sample_164	0.999	829069
wes_20.sample_CH00533	0.5	1179159
wes_15.sample_14	0.9	1067867
wes_9.sample_014	0.1	1654516
wes_3.sample_164	1.0	827690
wes_9.sample_014	0.2	1545330
wes_20.sample_CH00533	0.75	1079149
wes_15.sample_14	0.95	1030130
wes_9.sample_014	0.25	1506686
wes_3.sample_165	0.1	1668696
wes_20.sample_CH00533	0.9	1006243
wes_15.sample_14	0.999	942429
wes_9.sample_014	0.4	1417370
wes_3.sample_165	0.2	1543061
wes_20.sample_CH00533	0.95	970910
wes_15.sample_14	1.0	941666
wes_9.sample_014	0.5	1371440
wes_3.sample_165	0.25	1497559
wes_20.sample_CH00533	0.999	893809
wes_9.sample_014	0.75	1260086
wes_3.sample_165	0.4	1391844
wes_15.sample_15	0.1	1488805
wes_9.sample_014	0.9	1182558
wes_20.sample_CH00533	1.0	893499
wes_3.sample_165	0.5	1337203
wes_9.sample_014	0.95	1145178
wes_15.sample_15	0.2	1403832
wes_3.sample_165	0.75	1198035
wes_9.sample_014	0.999	1080401
wes_20.sample_CH00632	0.1	1392714
wes_3.sample_165	0.9	1090539
wes_15.sample_15	0.25	1371748
wes_9.sample_014	1.0	1080300
wes_20.sample_CH00632	0.2	1313618
wes_3.sample_165	0.95	1034245
wes_15.sample_15	0.4	1294338
wes_20.sample_CH00632	0.25	1282812
wes_3.sample_165	0.999	902267
wes_9.sample_149	0.1	1596798
wes_15.sample_15	0.5	1252617
wes_9.sample_149	0.2	1491138
wes_3.sample_165	1.0	901330
wes_20.sample_CH00632	0.4	1208290
wes_15.sample_15	0.75	1151956
wes_9.sample_149	0.25	1454316
wes_20.sample_CH00632	0.5	1166854
wes_3.sample_166	0.1	1640264
wes_9.sample_149	0.4	1367013
wes_15.sample_15	0.9	1075633
wes_20.sample_CH00632	0.75	1062361
wes_3.sample_166	0.2	1515500
wes_9.sample_149	0.5	1323154
wes_15.sample_15	0.95	1038740
wes_20.sample_CH00632	0.9	986379
wes_3.sample_166	0.25	1469450
wes_9.sample_149	0.75	1215695
wes_15.sample_15	0.999	953666
wes_3.sample_166	0.4	1363711
wes_20.sample_CH00632	0.95	950241
wes_9.sample_149	0.9	1137218
wes_3.sample_166	0.5	1307653
wes_15.sample_15	1.0	953362
wes_9.sample_149	0.95	1100309
wes_20.sample_CH00632	0.999	874806
wes_3.sample_166	0.75	1169824
wes_9.sample_149	0.999	1035007
wes_20.sample_CH00632	1.0	874518
wes_15.sample_16	0.1	1467006
wes_3.sample_166	0.9	1064306
wes_9.sample_149	1.0	1034930
wes_21.sample_CH00290	0.1	1545907
wes_15.sample_16	0.2	1373410
wes_3.sample_166	0.95	1008416
wes_9.sample_268	0.1	1791043
wes_21.sample_CH00290	0.2	1449425
wes_3.sample_166	0.999	870935
wes_15.sample_16	0.25	1338810
wes_9.sample_268	0.2	1691305
wes_21.sample_CH00290	0.25	1413466
wes_3.sample_166	1.0	869280
wes_15.sample_16	0.4	1257654
wes_9.sample_268	0.25	1655181
wes_21.sample_CH00290	0.4	1329467
wes_15.sample_16	0.5	1214358
wes_3.sample_167	0.1	1700403
wes_9.sample_268	0.4	1570975
wes_21.sample_CH00290	0.5	1284537
wes_15.sample_16	0.75	1109794
wes_3.sample_167	0.2	1571675
wes_9.sample_268	0.5	1526795
wes_21.sample_CH00290	0.75	1174821
wes_3.sample_167	0.25	1525672
wes_15.sample_16	0.9	1032240
wes_9.sample_268	0.75	1414896
wes_21.sample_CH00290	0.9	1095707
wes_3.sample_167	0.4	1418510
wes_9.sample_268	0.9	1337698
wes_15.sample_16	0.95	993876
wes_21.sample_CH00290	0.95	1055469
wes_3.sample_167	0.5	1362854
wes_9.sample_268	0.95	1302344
wes_15.sample_16	0.999	910869
wes_21.sample_CH00290	0.999	966000
wes_3.sample_167	0.75	1223503
wes_9.sample_268	0.999	1234390
wes_15.sample_16	1.0	910476
wes_21.sample_CH00290	1.0	965556
wes_3.sample_167	0.9	1117111
wes_9.sample_268	1.0	1234390
wes_3.sample_167	0.95	1061398
wes_15.sample_17	0.1	1541969
wes_21.sample_CH00301	0.1	1515832
wes_9.sample_269	0.1	1660952
wes_3.sample_167	0.999	925545
wes_15.sample_17	0.2	1440538
wes_21.sample_CH00301	0.2	1436016
wes_9.sample_269	0.2	1557225
wes_3.sample_167	1.0	924780
wes_21.sample_CH00301	0.25	1404794
wes_15.sample_17	0.25	1402692
wes_9.sample_269	0.25	1520199
wes_21.sample_CH00301	0.4	1328247
wes_9.sample_269	0.4	1432262
wes_15.sample_17	0.4	1316244
wes_3.sample_168	0.1	1583909
wes_21.sample_CH00301	0.5	1287320
wes_9.sample_269	0.5	1389107
wes_3.sample_168	0.2	1462092
wes_15.sample_17	0.5	1271484
wes_9.sample_269	0.75	1282611
wes_21.sample_CH00301	0.75	1184117
wes_3.sample_168	0.25	1418435
wes_15.sample_17	0.75	1165526
wes_9.sample_269	0.9	1207604
wes_21.sample_CH00301	0.9	1106707
wes_3.sample_168	0.4	1317567
wes_15.sample_17	0.9	1087636
wes_9.sample_269	0.95	1173462
wes_21.sample_CH00301	0.95	1069569
wes_3.sample_168	0.5	1262389
wes_9.sample_269	0.999	1108482
wes_15.sample_17	0.95	1048950
wes_21.sample_CH00301	0.999	987688
wes_3.sample_168	0.75	1127264
wes_9.sample_269	1.0	1108480
wes_15.sample_17	0.999	966417
wes_21.sample_CH00301	1.0	987425
wes_3.sample_168	0.9	1022185
wes_15.sample_17	1.0	966306
wes_9.sample_270	0.1	1599926
wes_21.sample_CH00304	0.1	1549671
wes_3.sample_168	0.95	966000
wes_9.sample_270	0.2	1498375
wes_21.sample_CH00304	0.2	1468170
wes_3.sample_168	0.999	827352
wes_15.sample_18	0.1	1486718
wes_9.sample_270	0.25	1461546
wes_21.sample_CH00304	0.25	1435214
wes_3.sample_168	1.0	826078
wes_15.sample_18	0.2	1395662
wes_9.sample_270	0.4	1373499
wes_21.sample_CH00304	0.4	1357493
wes_9.sample_270	0.5	1329177
wes_15.sample_18	0.25	1361880
wes_3.sample_83	0.1	1309601
wes_21.sample_CH00304	0.5	1316192
wes_9.sample_270	0.75	1222749
wes_15.sample_18	0.4	1282208
wes_21.sample_CH00304	0.75	1211741
wes_3.sample_83	0.2	1192060
wes_9.sample_270	0.9	1144911
wes_15.sample_18	0.5	1239986
wes_21.sample_CH00304	0.9	1134123
wes_9.sample_270	0.95	1109534
wes_3.sample_83	0.25	1150961
wes_15.sample_18	0.75	1136594
wes_21.sample_CH00304	0.95	1096197
wes_9.sample_270	0.999	1037970
wes_21.sample_CH00304	0.999	1010066
wes_3.sample_83	0.4	1051962
wes_15.sample_18	0.9	1058695
wes_9.sample_270	1.0	1037765
wes_21.sample_CH00304	1.0	1009264
wes_15.sample_18	0.95	1018160
wes_3.sample_83	0.5	999476
wes_9.sample_434	0.1	1696135
wes_15.sample_18	0.999	928547
wes_21.sample_CH00307	0.1	1547359
wes_3.sample_83	0.75	876945
wes_9.sample_434	0.2	1589319
wes_21.sample_CH00307	0.2	1465477
wes_15.sample_18	1.0	928315
wes_9.sample_434	0.25	1551349
wes_3.sample_83	0.9	792580
wes_9.sample_434	0.4	1466298
wes_21.sample_CH00307	0.25	1433248
wes_15.sample_2	0.1	1564620
wes_3.sample_83	0.95	752300
wes_9.sample_434	0.5	1422217
wes_21.sample_CH00307	0.4	1356107
wes_15.sample_2	0.2	1464525
wes_9.sample_434	0.75	1316529
wes_21.sample_CH00307	0.5	1315738
wes_3.sample_83	0.999	651260
wes_15.sample_2	0.25	1428274
wes_9.sample_434	0.9	1240841
wes_21.sample_CH00307	0.75	1216151
wes_3.sample_83	1.0	647282
wes_9.sample_434	0.95	1204981
wes_15.sample_2	0.4	1344705
wes_21.sample_CH00307	0.9	1138360
wes_9.sample_434	0.999	1140759
wes_15.sample_2	0.5	1299298
wes_3.sample_93	0.1	1744798
wes_21.sample_CH00307	0.95	1100902
wes_9.sample_434	1.0	1140687
wes_15.sample_2	0.75	1190650
wes_3.sample_93	0.2	1617482
wes_21.sample_CH00307	0.999	1014762
wes_9.sample_460	0.1	1650151
wes_3.sample_93	0.25	1570253
wes_15.sample_2	0.9	1111509
wes_21.sample_CH00307	1.0	1014089
wes_9.sample_460	0.2	1538380
wes_3.sample_93	0.4	1461920
wes_15.sample_2	0.95	1074337
wes_9.sample_460	0.25	1498772
wes_27.sample_37	0.1	1441190
wes_3.sample_93	0.5	1406063
wes_15.sample_2	0.999	997848
wes_9.sample_460	0.4	1408026
wes_27.sample_37	0.2	1357844
wes_3.sample_93	0.75	1268239
wes_15.sample_2	1.0	997773
wes_9.sample_460	0.5	1362371
wes_27.sample_37	0.25	1326404
wes_3.sample_93	0.9	1160561
wes_9.sample_460	0.75	1252553
wes_27.sample_37	0.4	1250262
wes_3.sample_93	0.95	1104889
wes_15.sample_60	0.1	1473024
wes_9.sample_460	0.9	1172649
wes_3.sample_93	0.999	973994
wes_27.sample_37	0.5	1209497
wes_15.sample_60	0.2	1391118
wes_9.sample_460	0.95	1135118
wes_3.sample_93	1.0	972808
wes_27.sample_37	0.75	1106906
wes_15.sample_60	0.25	1358782
wes_9.sample_460	0.999	1072237
wes_27.sample_37	0.9	1031566
wes_9.sample_460	1.0	1072237
wes_3.sample_94	0.1	1715912
wes_15.sample_60	0.4	1281173
wes_27.sample_37	0.95	995452
wes_3.sample_94	0.2	1586327
wes_15.sample_60	0.5	1240033
wes_9.sample_524	0.1	1605403
wes_27.sample_37	0.999	925644
wes_3.sample_94	0.25	1539771
wes_15.sample_60	0.75	1137807
wes_9.sample_524	0.2	1499641
wes_27.sample_37	1.0	925556
wes_3.sample_94	0.4	1433676
wes_9.sample_524	0.25	1461430
wes_15.sample_60	0.9	1062099
wes_3.sample_94	0.5	1377586
wes_27.sample_38	0.1	1480440
wes_9.sample_524	0.4	1374084
wes_15.sample_60	0.95	1023670
wes_3.sample_94	0.75	1241312
wes_27.sample_38	0.2	1393347
wes_9.sample_524	0.5	1329515
wes_15.sample_60	0.999	938871
wes_3.sample_94	0.9	1135864
wes_27.sample_38	0.25	1360716
wes_9.sample_524	0.75	1217685
wes_3.sample_94	0.95	1081603
wes_15.sample_60	1.0	938768
wes_27.sample_38	0.4	1283058
wes_9.sample_524	0.9	1136919
wes_3.sample_94	0.999	951085
wes_27.sample_38	0.5	1241295
wes_9.sample_524	0.95	1098919
wes_15.sample_61	0.1	1488626
wes_3.sample_94	1.0	950478
wes_27.sample_38	0.75	1137027
wes_9.sample_524	0.999	1024817
wes_15.sample_61	0.2	1405719
wes_27.sample_38	0.9	1061283
wes_9.sample_524	1.0	1024815
wes_3.sample_95	0.1	1296498
wes_27.sample_38	0.95	1024907
wes_15.sample_61	0.25	1374474
wes_27.sample_38	0.999	959386
wes_3.sample_95	0.2	1184886
wes_15.sample_61	0.4	1298102
wes_27.sample_38	1.0	959323
wes_15.sample_61	0.5	1258562
wes_3.sample_95	0.25	1144636
wes_15.sample_61	0.75	1158438
wes_2.sample_62	0.1	1277726
wes_3.sample_95	0.4	1048092
wes_15.sample_61	0.9	1083249
wes_2.sample_62	0.2	1209501
wes_3.sample_95	0.5	995193
wes_15.sample_61	0.95	1045825
wes_2.sample_62	0.25	1182744
wes_3.sample_95	0.75	872896
wes_2.sample_62	0.4	1116227
wes_15.sample_61	0.999	963547
wes_3.sample_95	0.9	785073
wes_2.sample_62	0.5	1079630
wes_15.sample_61	1.0	963172
wes_2.sample_62	0.75	988270
wes_3.sample_95	0.95	744937
wes_15.sample_66	0.1	1506637
wes_2.sample_62	0.9	913979
wes_3.sample_95	0.999	638790
wes_15.sample_66	0.2	1406598
wes_2.sample_62	0.95	878764
wes_15.sample_66	0.25	1369878
wes_3.sample_95	1.0	633720
wes_2.sample_62	0.999	805364
wes_15.sample_66	0.4	1285954
wes_40.sample_B10087	0.1	1271374
wes_2.sample_62	1.0	803958
wes_15.sample_66	0.5	1241494
wes_40.sample_B10087	0.2	1231311
wes_40.sample_B10087	0.25	1213502
wes_15.sample_66	0.75	1132671
wes_2.sample_68	0.1	1246421
wes_40.sample_B10087	0.4	1166731
wes_15.sample_66	0.9	1054706
wes_2.sample_68	0.2	1176736
wes_40.sample_B10087	0.5	1139676
wes_15.sample_66	0.95	1015419
wes_40.sample_B10087	0.75	1064360
wes_2.sample_68	0.25	1149371
wes_40.sample_B10087	0.9	999222
wes_15.sample_66	0.999	934337
wes_2.sample_68	0.4	1080248
wes_40.sample_B10087	0.95	968521
wes_15.sample_66	1.0	934132
wes_40.sample_B10087	0.999	912236
wes_2.sample_68	0.5	1043402
wes_40.sample_B10087	1.0	911769
wes_2.sample_68	0.75	948806
wes_15.sample_67	0.1	1469110
wes_40.sample_B10095	0.1	1229724
wes_2.sample_68	0.9	874918
wes_15.sample_67	0.2	1378598
wes_40.sample_B10095	0.2	1191988
wes_40.sample_B10095	0.25	1175538
wes_2.sample_68	0.95	838150
wes_15.sample_67	0.25	1344330
wes_40.sample_B10095	0.4	1129741
wes_15.sample_67	0.4	1263653
wes_2.sample_68	0.999	757441
wes_40.sample_B10095	0.5	1103394
wes_40.sample_B10095	0.75	1029012
wes_15.sample_67	0.5	1222251
wes_2.sample_68	1.0	756592
wes_40.sample_B10095	0.9	963827
wes_15.sample_67	0.75	1117009
wes_40.sample_B10095	0.95	931187
wes_2.sample_79	0.1	1259977
wes_15.sample_67	0.9	1039033
wes_40.sample_B10095	0.999	875760
wes_2.sample_79	0.2	1190893
wes_40.sample_B10095	1.0	874906
wes_15.sample_67	0.95	998849
wes_2.sample_79	0.25	1162666
wes_40.sample_B40014	0.1	1271476
wes_15.sample_67	0.999	914073
wes_40.sample_B40014	0.2	1228270
wes_2.sample_79	0.4	1093466
wes_15.sample_67	1.0	913417
wes_40.sample_B40014	0.25	1209840
wes_2.sample_79	0.5	1056470
wes_40.sample_B40014	0.4	1158981
wes_16.sample_21	0.1	1422293
wes_2.sample_79	0.75	959969
wes_40.sample_B40014	0.5	1129307
wes_16.sample_21	0.2	1351363
wes_40.sample_B40014	0.75	1052252
wes_2.sample_79	0.9	885490
wes_40.sample_B40014	0.9	981499
wes_16.sample_21	0.25	1323987
wes_2.sample_79	0.95	851649
wes_40.sample_B40014	0.95	945337
wes_16.sample_21	0.4	1254623
wes_40.sample_B40014	0.999	886886
wes_2.sample_79	0.999	776305
wes_16.sample_21	0.5	1217618
wes_40.sample_B40014	1.0	886370
wes_2.sample_79	1.0	775177
wes_16.sample_21	0.75	1127549
wes_40.sample_B40027	0.1	1181077
wes_16.sample_21	0.9	1057804
wes_40.sample_B40027	0.2	1141791
wes_2.sample_80	0.1	1274842
wes_16.sample_21	0.95	1021726
wes_40.sample_B40027	0.25	1124291
wes_2.sample_80	0.2	1207898
wes_16.sample_21	0.999	935252
wes_40.sample_B40027	0.4	1076104
wes_2.sample_80	0.25	1180122
wes_16.sample_21	1.0	934084
wes_40.sample_B40027	0.5	1046570
wes_40.sample_B40027	0.75	958540
wes_2.sample_80	0.4	1112921
wes_16.sample_CH00277	0.1	1504241
wes_40.sample_B40027	0.9	882840
wes_2.sample_80	0.5	1075110
wes_16.sample_CH00277	0.2	1376619
wes_40.sample_B40027	0.95	848478
wes_2.sample_80	0.75	981639
wes_16.sample_CH00277	0.25	1333553
wes_40.sample_B40027	0.999	788714
wes_2.sample_80	0.9	907267
wes_16.sample_CH00277	0.4	1239727
wes_40.sample_B40027	1.0	787821
wes_16.sample_CH00277	0.5	1197065
wes_2.sample_80	0.95	873407
wes_40.sample_B4006	0.1	1111675
wes_16.sample_CH00277	0.75	1093362
wes_40.sample_B4006	0.2	1076694
wes_2.sample_80	0.999	799759
wes_16.sample_CH00277	0.9	1016166
wes_40.sample_B4006	0.25	1060479
wes_2.sample_80	1.0	798530
wes_40.sample_B4006	0.4	1012926
wes_16.sample_CH00277	0.95	977853
wes_40.sample_B4006	0.5	983849
wes_16.sample_CH00277	0.999	915659
wes_2.sample_83	0.1	1246013
wes_40.sample_B4006	0.75	902515
wes_16.sample_CH00277	1.0	915659
wes_2.sample_83	0.2	1174713
wes_40.sample_B4006	0.9	840739
wes_2.sample_83	0.25	1146629
wes_16.sample_CH00278	0.1	1422769
wes_40.sample_B4006	0.95	811595
wes_40.sample_B4006	0.999	754303
wes_16.sample_CH00278	0.2	1299018
wes_2.sample_83	0.4	1076269
wes_40.sample_B4006	1.0	752683
wes_16.sample_CH00278	0.25	1258655
wes_2.sample_83	0.5	1038450
wes_40.sample_BR124	0.1	1375171
wes_16.sample_CH00278	0.4	1169285
wes_2.sample_83	0.75	944647
wes_40.sample_BR124	0.2	1305039
wes_16.sample_CH00278	0.5	1125941
wes_2.sample_83	0.9	871071
wes_40.sample_BR124	0.25	1277979
wes_16.sample_CH00278	0.75	1025104
wes_40.sample_BR124	0.4	1207496
wes_2.sample_83	0.95	834813
wes_16.sample_CH00278	0.9	951954
wes_40.sample_BR124	0.5	1169587
wes_2.sample_83	0.999	758441
wes_40.sample_BR124	0.75	1075292
wes_16.sample_CH00278	0.95	914214
wes_2.sample_83	1.0	757390
wes_40.sample_BR124	0.9	1006250
wes_16.sample_CH00278	0.999	847375
wes_40.sample_BR124	0.95	970818
wes_16.sample_CH00278	1.0	847375
wes_2.sample_95	0.1	1242154
wes_40.sample_BR124	0.999	913252
wes_2.sample_95	0.2	1172059
wes_40.sample_BR124	1.0	912746
wes_40.sample_BR125	0.1	1246018
wes_2.sample_95	0.25	1144171
wes_40.sample_BR125	0.2	1181838
wes_2.sample_95	0.4	1074700
wes_40.sample_BR125	0.25	1154767
wes_2.sample_95	0.5	1036872
wes_40.sample_BR125	0.4	1084052
wes_2.sample_95	0.75	940981
wes_40.sample_BR125	0.5	1046253
wes_2.sample_95	0.9	867054
wes_40.sample_BR125	0.75	945078
wes_2.sample_95	0.95	831614
wes_40.sample_BR125	0.9	870050
wes_40.sample_BR125	0.95	838207
wes_2.sample_95	0.999	756557
wes_40.sample_BR125	0.999	777229
wes_2.sample_95	1.0	755575
wes_40.sample_BR125	1.0	777051
wes_40.sample_BR126	0.1	1317124
wes_40.sample_BR126	0.2	1250064
wes_40.sample_BR126	0.25	1223259
wes_40.sample_BR126	0.4	1153012
wes_40.sample_BR126	0.5	1113767
wes_40.sample_BR126	0.75	1017578
wes_40.sample_BR126	0.9	944874
wes_40.sample_BR126	0.95	911481
wes_40.sample_BR126	0.999	858016
wes_40.sample_BR126	1.0	857720
